target,threshold_id,operator,value,unit,project_role,evidence_tier,evidence_status,source_id,decision_status,conditions,notes
lvef,historical_primary_lt40,<,40,EF_percentage_points,PRIMARY_BINARY_ENDPOINT,DIRECT_EVIDENCE,VERIFIED_ACCEPTED_ABSTRACT,ACCEPTED_ABSTRACT_V10,READY_FOR_OWNER_LOCK,"Preserve exact historical inequality; count labels exactly equal to 40 before test-performance access.","Protocol fidelity endpoint; not rewritten to match the guideline inequality."
lvef,secondary_le40,<=,40,EF_percentage_points,SECONDARY_GUIDELINE_CLASSIFICATION_SENSITIVITY,DIRECT_EVIDENCE,VERIFIED_PRIMARY_ORGANIZATION_SUMMARY,ACC_2022_HF_SUMMARY,READY_FOR_OWNER_LOCK,"Prespecified secondary only; never selected from performance.","Matches the reduced-EF guideline boundary."
lvef,secondary_lt50,<,50,EF_percentage_points,SECONDARY_GUIDELINE_CLASSIFICATION_SENSITIVITY,DIRECT_EVIDENCE,VERIFIED_PRIMARY_ORGANIZATION_SUMMARY,ACC_2022_HF_SUMMARY,READY_FOR_OWNER_LOCK,"Prespecified secondary only; not a replacement for lvef <40.","Separates labels below the preserved-EF boundary for sensitivity analysis; not a standalone disease diagnosis."
body_surface_area,no_threshold_locked,,,UNRESOLVED,NO_PRIMARY_ECHO_THRESHOLD,UNRESOLVED,PROJECT_UNIT_AND_FORMULA_UNVERIFIED,NONE,UNRESOLVED,"Context-only target outside primary echo macro.","No project threshold is needed for the current primary question."
resting_sbp,no_threshold_locked,,,UNRESOLVED,NO_PRIMARY_ECHO_THRESHOLD,UNRESOLVED,PROJECT_TIMING_AND_SOURCE_UNVERIFIED,NONE,UNRESOLVED,"Context-only target outside primary echo macro.","Do not import hypertension thresholds without contemporaneous measurement context."
resting_dbp,no_threshold_locked,,,UNRESOLVED,NO_PRIMARY_ECHO_THRESHOLD,UNRESOLVED,PROJECT_TIMING_AND_SOURCE_UNVERIFIED,NONE,UNRESOLVED,"Context-only target outside primary echo macro.","Do not import hypertension thresholds without contemporaneous measurement context."
resting_hr,no_threshold_locked,,,UNRESOLVED,NO_PRIMARY_ECHO_THRESHOLD,UNRESOLVED,PROJECT_TIMING_AND_SOURCE_UNVERIFIED,NONE,UNRESOLVED,"Context-only target outside primary echo macro.","No universal echo-report threshold is prespecified."
left_ventricular_end_diastolic_diameter,no_threshold_locked,,,UNRESOLVED,NATIVE_THRESHOLD_UNRESOLVED,UNRESOLVED,PROJECT_UNIT_METHOD_INDEXING_UNVERIFIED,NONE,UNRESOLVED,"Raw unit method sex/body-size indexing must be verified.","Continuous native-unit reporting remains required."
septal_thickness,no_threshold_locked,,,UNRESOLVED,NATIVE_THRESHOLD_UNRESOLVED,UNRESOLVED,PROJECT_UNIT_METHOD_UNVERIFIED,NONE,UNRESOLVED,"Raw unit and definition must be verified.","Population reference limits are not model-error tolerances."
inf_lat_thickness,no_threshold_locked,,,UNRESOLVED,NATIVE_THRESHOLD_UNRESOLVED,UNRESOLVED,PROJECT_DEFINITION_UNIT_METHOD_UNVERIFIED,NONE,UNRESOLVED,"CMR-03 must establish the wall definition.","Do not assume posterior-wall thresholds."
la_dimen,no_threshold_locked,,,UNRESOLVED,NATIVE_THRESHOLD_UNRESOLVED,UNRESOLVED,PROJECT_PLANE_UNIT_UNVERIFIED,NONE,UNRESOLVED,"CMR-04 must establish plane/method.","A linear LA dimension is not interchangeable with indexed LA volume."
sinus_diam,no_threshold_locked,,,UNRESOLVED,NATIVE_THRESHOLD_UNRESOLVED,UNRESOLVED,PROJECT_LEVEL_EDGE_UNIT_INDEXING_UNVERIFIED,NONE,UNRESOLVED,"CMR-06 must establish edge timing units and indexing.","No standalone threshold is locked."
mv_peak_e,no_threshold_locked,,,UNRESOLVED,NATIVE_THRESHOLD_UNRESOLVED,UNRESOLVED,PROJECT_UNIT_RHYTHM_METHOD_UNVERIFIED,NONE,UNRESOLVED,"Unit and acquisition context must be verified.","Diastolic interpretation is multiparametric."
mitral_e_velocity,no_threshold_locked,,,UNRESOLVED,MAPPING_UNRESOLVED,UNRESOLVED,POSSIBLE_DUPLICATE,NONE,UNRESOLVED,"CMR-02 must resolve merge versus distinct field.","No threshold before identity resolution."
av_pk_vel,no_threshold_locked,,,UNRESOLVED,NATIVE_THRESHOLD_UNRESOLVED,UNRESOLVED,PROJECT_UNIT_METHOD_UNVERIFIED,NONE,UNRESOLVED,"Unit and measurement identity must be verified.","Aortic-stenosis grading is multiparametric; no binary project endpoint is locked."
la_4ch_length,no_threshold_locked,,,UNRESOLVED,NATIVE_THRESHOLD_UNRESOLVED,UNRESOLVED,PROJECT_VIEW_UNIT_INDEXING_UNVERIFIED,NONE,UNRESOLVED,"Dedicated view and unit must be verified.","No standalone threshold is locked."
ra_length,no_threshold_locked,,,UNRESOLVED,NATIVE_THRESHOLD_UNRESOLVED,UNRESOLVED,PROJECT_AXIS_VIEW_UNIT_UNVERIFIED,NONE,UNRESOLVED,"Major/minor axis and view must be verified.","No standalone threshold is locked."
ascending_aorta_diameter,no_threshold_locked,,,UNRESOLVED,NATIVE_THRESHOLD_UNRESOLVED,UNRESOLVED,PROJECT_LEVEL_EDGE_UNIT_INDEXING_UNVERIFIED,NONE,UNRESOLVED,"CMR-06 must establish level edge timing units and indexing.","No standalone threshold is locked."
lvot_diam,no_threshold_locked,,,UNRESOLVED,NATIVE_THRESHOLD_UNRESOLVED,UNRESOLVED,PROJECT_LEVEL_PHASE_UNIT_UNVERIFIED,NONE,UNRESOLVED,"Measurement level phase and unit must be verified.","No standalone clinical binary threshold is planned."
rv_diam,no_threshold_locked,,,UNRESOLVED,NATIVE_THRESHOLD_UNRESOLVED,UNRESOLVED,PROJECT_AXIS_VIEW_UNIT_UNVERIFIED,NONE,UNRESOLVED,"Basal/mid/longitudinal axis and RV-focused view must be verified.","No standalone threshold is locked."
lvot_vti,no_threshold_locked,,,UNRESOLVED,NATIVE_THRESHOLD_UNRESOLVED,UNRESOLVED,PROJECT_UNIT_RHYTHM_BEAT_AVERAGING_UNVERIFIED,JOZWIAK_2019_VTI,UNRESOLVED,"Local full text supports relative repeatability context only.","No universal native-unit threshold or margin follows from relative LSC."
mv_peak_a,no_threshold_locked,,,UNRESOLVED,NATIVE_THRESHOLD_UNRESOLVED,UNRESOLVED,PROJECT_UNIT_RHYTHM_METHOD_UNVERIFIED,NONE,UNRESOLVED,"Unit and handling of absent/fused A wave must be verified.","No standalone threshold is locked."
tr_mmhg,no_threshold_locked,,,UNRESOLVED,FORMULA_OR_FIELD_IDENTITY_UNRESOLVED,UNRESOLVED,PROJECT_RAW_DEFINITION_UNVERIFIED,ASE_2025_RIGHT_HEART,UNRESOLVED,"CMR-01 must establish gradient versus RVSP/PASP/other.","Formula-only only if peak gradient is confirmed."
tricuspid_regurgitant_peak_velocity,no_threshold_locked,,,UNRESOLVED,NATIVE_THRESHOLD_UNRESOLVED,UNRESOLVED,PROJECT_UNIT_METHOD_MEASURABILITY_UNVERIFIED,NONE,UNRESOLVED,"Unit and acquisition context must be verified.","Pulmonary-hypertension assessment is multiparametric; no binary project endpoint is locked."
left_ventricular_end_systolic_diameter,no_threshold_locked,,,UNRESOLVED,NATIVE_THRESHOLD_UNRESOLVED,UNRESOLVED,PROJECT_UNIT_METHOD_INDEXING_UNVERIFIED,NONE,UNRESOLVED,"Raw unit method sex/body-size indexing must be verified.","Continuous native-unit reporting remains required."
lat_e_prime,no_threshold_locked,,,UNRESOLVED,NATIVE_THRESHOLD_UNRESOLVED,UNRESOLVED,PROJECT_UNIT_METHOD_UNVERIFIED,NONE,UNRESOLVED,"Tissue-Doppler site and units must be verified.","Diastolic interpretation is multiparametric."
sept_e_prime,no_threshold_locked,,,UNRESOLVED,NATIVE_THRESHOLD_UNRESOLVED,UNRESOLVED,PROJECT_UNIT_METHOD_UNVERIFIED,NONE,UNRESOLVED,"Tissue-Doppler site and units must be verified.","Diastolic interpretation is multiparametric."
arch_diam,no_threshold_locked,,,UNRESOLVED,NATIVE_THRESHOLD_UNRESOLVED,UNRESOLVED,PROJECT_ARCH_LEVEL_EDGE_UNIT_UNVERIFIED,NONE,UNRESOLVED,"CMR-05 must establish arch level and convention.","No standalone threshold is locked."
fs,no_threshold_locked,,,UNRESOLVED,FORMULA_ONLY_CONDITIONAL,FORMULA_INFERENCE,PROJECT_RAW_DEFINITION_UNVERIFIED,OE_DEPENDENCY_RESPONSE,UNRESOLVED,"Formula-only if standard FS definition is confirmed.","No scored binary threshold is planned."
ivc_diam,no_threshold_locked,,,UNRESOLVED,NATIVE_THRESHOLD_UNRESOLVED,UNRESOLVED,PROJECT_PHASE_COLLAPSE_VENTILATION_UNVERIFIED,NONE,UNRESOLVED,"CMR-07 must establish phase/collapse context.","IVC diameter alone is insufficient for RAP interpretation."
height_cm,no_threshold_locked,,,UNRESOLVED,NO_PRIMARY_ECHO_THRESHOLD,UNRESOLVED,PROJECT_SOURCE_UNIT_UNVERIFIED,NONE,UNRESOLVED,"Context-only target outside primary echo macro.","No echo-measurement threshold is planned."
tricuspid_annular_plane_systolic_excursion,no_threshold_locked,,,UNRESOLVED,NATIVE_THRESHOLD_UNRESOLVED,UNRESOLVED,PROJECT_UNIT_METHOD_UNVERIFIED,NONE,UNRESOLVED,"Unit and M-mode acquisition must be verified.","No binary project endpoint is locked."
